EioValenzuelaA,522089689,-5621865800315202876,
leozachary,539423006,125163062553906451,
zhanglee1,899964947,7267098497090701533,
zhyqigobae,513780437,-2350506491188480014,
zhen25,309377998,-7255175511634271927,
zhi588,546060792,1874840709317019081,
shura_zapara,530814668,-6101407226933592097,
Zaki92776216,551593014,649214967461942710,
luanzaigar,291017998,1770651905434259804,
Earnertown,553760856,6865583730807261808,
vitali15,431577538,-3989388316883881107,
bnnvofv520,493911130,3509845362725229745,
nami_money,580006495,-2711390119864408600,
ZhongGuoLong,459905438,-807975958470897427,
zjx523,493191133,2766521013520708284,
ZH6606,592171056,-339247840187633958,
zy8234,397395312,6206451970357835089,
zanchisu31,582307962,-6495892550726881070,
alexzaki1986,461890768,-7168421172911095300,
Ririzen,549855739,5590940413421216352,
zhangdaye1118,542819065,1770915724412059770,
Zheka001,523649989,3102834593474547498,
vudau40176,492809033,7539148118347578019,
Ben_Cannon,470815917,-2647096084376264686,
Zafercep,524947917,2737276004383000006,
barrdavid1113,520329155,-2158287285562426218,
zohreweb,560498221,4591505306739303508,
ZioHenryJul,445108039,-1106871253403616190,
zetlite,262914282,-3206476673051283101,
ziko3369,429239836,-5246430388905427526,
zodiac2510,418858437,6106999695058733334,
cfz3019sr,534260609,-3192938948721498282,
ZnaidenkoS,427865236,-4444870746622277950,
,432198851,-7459696031660095415,
zpt0kh9z,394876605,6440228656706965287,
lgxnjavl2865,539128706,6191892098300561474,
sumairzahid,501526051,8864430288590345615,
z470358,545930865,-2945143911945528253,
georgemma,937416674,-7458964401891271202,
,891482089,2471604204113388579,
Bizek,555149609,-37270747975806257,
JiYoungKr,609830573,-230481111309748105,
yuujaeho,553084462,-2263054087827881814,
,598363415,6617886233674500340,
TerryChew,555053764,2191152009081973826,
,520572474,-447378068229392814,
yesity,581471907,3886089751749030250,
kenroku,524310381,-5072736544151164485,
,552131885,-7812637049973868326,
yukofujii,540273753,22771603356206074,
yuiklang,511126817,8564627394672922116,
arbuzer5,422336908,-183170987099400082,
yospin99,534739343,7117361315176226955,
Ylmz80,493310186,-685827849773346214,
lisdiyanto43,557326891,8118524283026476443,
yogibudisetiawan,572218056,-7246095376997708240,
parijanyou,559855006,-5271447333184180952,
yoyokjhon,542021354,-1270793129185409739,
momosoondori,563881020,-9080917690908891939,
Arifyuniar11,329437820,2732879558827621037,
uefisim12hy,425752911,-1487642402516931117,
Yoonseungwon,596018181,6115609541620198958,
Yrbhirud,288375667,2711587164821386651,
,534790676,-3031771277011671180,
sahsine,303778444,-5816790663515373492,
youmini,345571898,3804240351661948923,
MY36977416,579223561,8017431404310254752,
supiyono,411569004,-7136964065481505326,
Yasinemenasra,478335542,651247163496641968,
rxse7en,457783221,314341190570591401,
YangAnze,593902659,3373969908543525130,
yukikawai,554747050,-3990554469417179869,
wt2etuh2,580009361,-3829467942496471471,
yanglee29,576919822,9190190145957959319,
Yelena0540,161507017,-5702479295642216072,
yehao2018,569813091,-6775248400095802691,
yyubnk,501107224,3530468468254892236,
limb5uenz1h,571093949,-599410809578685292,
yukki4137,542311938,6498313111001185592,
ysscoje4tx2,578440422,-1327640699944950927,
mingdumei1,591533586,5575097540475196854,
ruanzz,428412031,-3076457530393107510,
menyeu,542181500,-7125168251011058077,
YesiNosi,484461986,-5078873403259929280,
Yuri_Pitilyak,531486465,9139405414434123248,
YlmzYrc,520834655,8537151933270930114,
yeonnn,554095504,7965643923197634023,
dk2j5puz,567882114,4304914811949149357,
danny1958,533948650,-6343786118442972600,
GradyJarodf,527913488,-3126233111359602275,
YioForbesMalac,489604292,-3626205744498507213,
sefa_yilmaz,492664504,700256231688098368,
yoyojmd,535021864,-3097722062209812460,
YKKanat,493078241,6296590324587396763,
Yellowcell,253558826,-5127828324172807709,
asd800531,541525280,-7703266591930036186,
yusuf80632989,506613121,-1563332585867648026,
yrpop,553309073,-7115151919460040333,
yudiandto,427007809,-537622051452478789,
yukni,525596399,3884505637234030754,
yasr12345asmr,382773576,-7451415599567089284,
escrime1227,520285810,3848555173163400936,
marioyavuz,491589123,7785466292443167129,
yurii79v,297698454,8237681978477218851,
esiuynmd9942,536419420,-3500843969618588931,
yelvqpvpba6624,511489407,-6239126528484847480,
adam_cathy,565906411,-5163548942224876253,
,1264607801,7199479458542315558,
xyxdzgh,515025620,-5640283938467399118,
Xtynigo,325633007,-7728136121361972335,
,563805556,2876629823946576879,
xiaolaige,514170674,-674148922860996799,
xrpmoonnn,433040698,4438298155349582663,
xerrii,465304448,5320721693572560457,
seandge0768,472154866,-2990144314709659051,
wuxu123,508722929,-5491869041602314667,
ptolemy00,560859087,714725252110340367,
feiyu168,592337735,5539929059600659404,
xumuheng,586228367,1411858435170985510,
Xtc81,406777163,813140737041027199,
xilui,510547380,225653862824087887,
xian98,512735742,-1464748423757333715,
xxsm3g1nzfn,537812011,-7975173102158514012,
cjcl4myujfl,590795766,8376840634616418801,
xosrk1ailfh,586021113,-2315720181726726456,
xlqx3ppaol3,584421837,-4337004509507307037,
un_balanced,420977990,5791559147737315883,
xZork,504900350,5564143965824649658,
TapuwogeFoyu,514039724,-3304443581312032724,
xiang116,428235200,107088115168073006,
xiang123,502732066,8584613176693653774,
ByronWade,487259711,-5818233531108943936,
truongthienss,536965347,1855190982805511691,
tieuvuvu,509150713,6342800750788284804,
xuantiep,508456319,-7230119583123200815,
,1390586660,-8010456100243642356,
BenjaminWagner1,1220857056,-7624774092840774128,
,1015931593,-1676405601512955109,
Whipcloth,1138265363,289528329400525266,
,1190539094,3325850174768641,
,1252749857,1320963542653571000,
,1169363888,6479842884142308574,
Samans1sada,581433361,-2716792559380659111,
,991648151,2972648080676296465,
,949976402,8919784352918928056,
JezzicaWong,891768791,-7805305392301749239,
wssz606060,683701020,2437084714493998740,
WinstonLeo,371769260,-5144024980252269903,
buihoa,446208015,5037570828344159038,
William_ping,520810702,2078281797189467446,
mahmoud9088,379625332,-8206389190800413331,
wstcan520,525912736,172807291357360137,
trisnandika,468945262,5157157767151886086,
wahdaningtiar,461698976,-2974128964930708117,
wahyudidie,538816916,-6208863133238456558,
Lafayed1,562652567,3986168651118134062,
Possi85,469754044,-8836858953106499730,
swsw09173,509358015,-1332361849801631753,
Thealligatorpear,549287978,2359647034772888859,
shtyc2,571600392,-2949895914686727453,
,597133173,7012635820460622123,
willib1958,477525845,253194830967188682,
Agung88884,287187147,-8035097841543544725,
waliedemara,520827965,7023807616262354327,
WindPast,518115515,34514961808202746,
WandeWasiu,484368751,-6407892628973825952,
wjboards,448998026,-5551887296515165904,
watanabehanabi,545417710,-1462311360689200063,
BelijokuVeyi,507195593,7639300555775385770,
ArmenMo,439919365,880595647655471692,
gold6000,469992329,-1113149790996451450,
good2breal,217046578,9162455040525761521,
WilliamField,523532156,2125024676743783023,
Tinybits63,461673941,-6838698479987174594,
wim0880,521795137,-9045768804016801730,
tanaya83,557496296,-3236755014405758893,
h6l0dnw7,517203358,-9014389547775178266,
whtzg4jhg4k,568357309,-7205706862011224287,
woodcarlson669,568031891,-4111410260707280423,
wirr22,470627999,-5051593826052676797,
wowww123,127044738,-1722482591383281987,
ThanhTung1511,540331767,5117296832831583474,
wjm328sd,543681049,6510175443808679576,
,530932021,1849586656398104152,
Susilowahyu89,541196569,-8638646247042396608,
steeveegeebee,533308500,-9133713029691449956,
fileziplock,567783377,4590348434447796955,
perfecto2,562043802,6741430684372259895,
wolf5610,504256225,-40705330618466999,
wajns,507688312,6105306382332527634,
wayne1989,431935825,3451254715178610449,
WebmasterDD,398522020,6202664436196093060,
GilbertRicardod,537674081,-2923356869723653565,
WyattAldos,532801298,5729609997711214514,
WyattAldo,549273334,8393595746257499036,
WioGilmoreLy,532863839,-2727275947182956673,
michelleUSA,362385222,6647070159418176482,
MioWellsMi,384463568,-8663172184529427114,
IioWillisCel,505285868,6020351214169087978,
Lil420Weed,290686547,-3164201844961342824,
Mapalang01,350720048,-288311453750529332,
JohannaWilliams,538356079,-2963590661361717882,
Dantyren,514777320,-1542855840892851135,
tetsuya358,575357383,4316135144746512268,
wawan09,474439647,-742722616071928678,
wahhayu76,527907177,584022964085348047,
MaryWilliams2,468905368,761005866476333025,
kiwistar26,459382314,6263322084132909617,
wolfofcrypto120,253234320,-8395306609893576977,
Waminox,524504930,4515493886056742158,
malbazar90,562792961,2161046016456849396,
,1010867947,-1180959167200335707,
,1072591056,-2047052417609987147,
valivarthi,423539415,-49343153468513679,
vkaauesy,982448319,-4321893695483165316,
Kisvei12796,331642986,8405353758241563295,
thienson5011,453768884,-9058290872976544703,
Victorycoin,381881234,-1936208977853671969,
Ujehamav,391102728,6276768473227489885,
Vitalik_Lysenko2,590293375,6762510809923263877,
Vladish425,337215959,4398381884763862261,
nengvella,550733050,786027585698893548,
VladiNed,486084289,-5987777807728365246,
vikasgangolia89,580806458,3328304691773782871,
Eddiers,485011312,-1719075646650672589,
VerMaks,461151064,1746850719925464627,
VoerMX,464229635,-1456852144962732356,
,542728083,-4838118729916802654,
VestPool,464043773,5230571587008565044,
filesuploder,583083390,2933701814438741250,
agVooi,539485660,-1448006199818218446,
ValeriyTu,517431369,-2161217832943921482,
VNaum51,589141455,3385145717881433186,
Vladimir579,401562987,-7392415091878935507,
Vika16826627,539314155,-881266980563965681,
vcpl31,548428396,384320430940518387,
DimitriVla,551592930,-5991554772614713890,
Sanderv,493277517,-2430592093938787514,
vrla61wr,496253715,-1581012408195748112,
Veeira,505806982,696128049114425749,
Varvara1981,375261475,2897840543674038352,
Edelweiss71,486092690,6164147296339152510,
vova11235,477809652,7002530197644372715,
VIKTOR197909,467520928,2145417115823120310,
vizard2018,385602143,-3556721115002314046,
RomanVashchenko,571432142,-3226419657897038315,
Victor7770,547625088,-4362181802949311962,
vuslat23,521321004,8627281799558647366,
dungdung90,598091640,-2812925229340409303,
Thaotoday,506799385,2872434193718486964,
vovka69,590436853,575941523878577796,
turin_valera,574096117,7132403458924311348,
Vala2015,483657303,928144033806877238,
cindycx,446728157,3738722049795396776,
Vettali,509069030,-2443460230113903160,
Veerseer,346922180,-8933921080151072156,
Dmitriyvoit,455022132,-2283089928845070440,
vutung341459,495176374,6928811540329770924,
vuanh691960,453367028,1032796818939134815,
V_Lerka,494379029,7521147107301091049,
vuthien601060,513716137,4613247328356973018,
vedatakbaba,540499020,1159970479268111876,
Anhtuan544,560659855,-7934152875514395427,
Alfred_Vincent,584006626,3764989518120070974,
VladSvoi,401739251,7596713282464556752,
clavak6,341548735,-5735165506971940823,
Faro1990,537933653,5253273960376127462,
kingfannn,524606042,782715836220723889,
tusharvenketesh,519132381,3198292711052252695,
vivekprejudis,529935767,-1000662208901061793,
klinkoff,330530908,6324574151394434851,
Vladislav9713,416943031,-3293034675495911112,
svyrydenkovld,356830695,-4490117687663363331,380667233083
Viktor89blago,528121628,-3311150451581257124,
fox1k1,564549218,2162880719051653741,
VikVikS95,574720007,50109241751315767,
edelweissblack,325024230,3359324880432099076,
CaRud90,517081612,-3026821141248638078,
VLNMSK,164303844,1246283550582047994,
V_Kucherenko,472159051,-1332261865475875021,
freddy19,577595500,8591681779718466695,
everett1980,598428298,2424507455759544220,
vicente1965,503922149,-8489094479764053754,
marlon1987,402917245,707369014674487627,
derrick197,564796932,-5350982020537509430,
SioKirbyHay,536930475,7069259264572292181,
roamingkolya,543654172,6958623802311905796,
viktorROse,548629058,-422547611551003193,
hortyca,515191354,-4622694543652742387,
Vanhao369,486805766,-3985151788807372171,
Nill_vhai,503906919,5875327365246296467,
vovagamm,322438955,6134057375552463174,
cuvanduc,519865452,-4115776130995403246,
Laginyoba,444638922,4779292136568409817,
victorjeyferly,459350058,6584421400541254273,
vitaliys1999,538691714,-4509057584232143069,
VikaGrozaNogtey,493236902,-5447578793994421496,
vinaydarji,523621231,794854769565491274,
jlavnv,587597603,-6630858124657837206,
vinchyz,545507530,9035882785519126979,
binhnick2,489351686,6776171711421445967,
KelvinVoon,557313340,7776431575132700525,
Vingar59,537328298,6765756480676125321,
khanhnhung,355636387,5918570336638621689,
quocviet97,394943332,624714773982831149,
Vinhdn1993,498727682,-7508338018700541017,
Phamnhanh,464565797,-2039345139578964886,
verlar,537930486,4852568114925657282,
flvpfdjr9381,563495489,4508482134152755792,
hongthienvu,304312473,6197020542259531395,
Vips22,482090305,6480208642773770452,
Veergautam,375029791,-9220713194665897774,
phongvh,521303656,-5816039754754946415,
,407565700,5913885097021443464,
quocvuog,526368082,14426710348438308,
coral787,484685461,1786902754342782992,
jjaisimha,403204900,-6438704098143085964,
,1242208131,3479459621464843446,
cryptoupdate47,505150205,-6166472739494113747,
davislong,182251069,2076604012655963518,
Uhura2,457524086,1169991635671522009,
u2kle0cb,611361224,1571091915893386930,
umcrypto,577852201,-8130008479153917215,
osamuueno,536251820,-3068934441019679189,
ultramarinero,424896130,4259283129620872950,
Updestlee,555081990,4767456742057936807,
Usoppsoge,559767700,-352585014502335964,
Unitedbrown,384030610,-5595231230081857961,
rhhdu,470019901,2285436082565336629,
ugurszf,520808985,5241921229164803843,
TheTeeBowLee,291491744,4924017409952780645,
udemzy,385226194,-3345807639403203571,
u5210,518951539,2542297250642881111,
Arndrop,532346537,1057148028745205687,
name_anna_user,557936662,5651999567564557700,
duongha80148,454917453,7087224642681620627,
unkomaster,520522991,4220011343727909611,
ConnorUrielss,508356694,6540207656967589858,
UioFranklinAl,523527057,-6146104606904719421,
UioStevensMadis,503484858,5646717793741335441,
UrielCharles,484965901,2600884060760765780,
connoruriel,547576425,-7338679061954238613,
DominiumPunch,549041346,1658407966064999673,
Dawhuan11,347970280,4606507592092937159,
cenkender,460504179,-8658200915622351687,
kittybae1,781898339,3843067634592323493,19293000305
,1047431064,8449197824221379472,
Tarkirin,1103401239,-5116766436703274059,
,1105176109,-7175550441608955850,
,1209393435,3875386639766626105,
,1194380575,5953850851987678494,
Maker9999,848101574,-4933561040938996014,
makTech20,562269231,1033487751641055692,
,1006779821,6228009204955832536,
,1134532986,-3223811756383097240,
Tounbit,735621724,721288619736165689,
crytosale,782658037,8249724953908376153,
toshinoriimajo,513913174,-3586530695491525943,
tradera852,348332930,7222715039717065223,
triwanseben317,348286813,-1406676591219640282,
Airdropteam20,828702952,-2891187925688846801,
balan412,480857522,-7579307135498432478,
Huy0868,552058691,4886382107316070293,
jonykutan,277894131,4420240341559880565,
rattenosuke,506835327,8000544395715132710,
takesami,445285203,-8356899026566379200,
tuanbk,445995790,-3714065560000948261,
ALiTiMuR,445682508,-1662736270156575550,
Hoangvantan,442282482,4061546141601100153,
temtim,499165619,-7967988203958286622,
teletetsu,521353392,8714363646436966528,
tommysangler,591148846,-1184591735027640941,
toshi2017z,490651804,-3767504091548306204,
TsunemasaEndo,513539794,-72645301311790571,
Elankterbank,423361601,-2910815662062894753,
,524995104,8042906270831022014,
toshetobg,489504899,-3651270445127681328,
,349951965,6839909092567761332,
KENTTHINH,448158765,-5206739109508307121,
hoathuytien,599393180,835556729544215587,
TomsDC,454897014,5064037191122457663,
temamma,497905840,-2445168591567841154,
AndreyTelegram1,486638362,-6263963020925383697,
suharthini,581823463,2768257289446523619,
gimantotom,597952423,-6377577759422269411,
tukijuhan,576295825,-1538534683316560691,
oscarmorali,80236807,-2654338016954608343,
thanush20,571239855,295812864076324769,
tuhtt,455684884,1389526832477396074,
tulong0702,521070697,-6672948573871237272,
alextuk,568910557,3670950770993816000,
trinhhung,400530563,2152093786820940828,
tiagobangkilan,302877616,-5147234067496408159,
Lucadgv,374540011,3546158192768433548,
tin9992,450353459,-2657745208670029706,
namtony,520504175,-2790226357592201170,
,522923740,-2725126882744800073,
,554979907,3558146284987663011,
,473874186,5803946908070487186,
phongtran25301,525641612,-982111485447291847,
KrypitalTeresa,442383347,-6452912405343476348,
tonewtime,541735975,1042247981280163771,
loan2805,592752051,-3297585887416156461,
ta_samaya_S,499206561,4566415611161330097,
ARCT_TRADER,429426472,-8173493727661210685,
lotrstop,361277659,8435254126031257150,
sauli123,534676359,-6658564247316045774,
salmanh1312,552212792,4935204192088893140,
higatetsu,470426462,-692480806550898269,
TemanRasaSayang,580938273,3174781280267536092,
Krayst,386853969,1189479563974687598,
Toxicpyjamas,527685917,-4212568665409594660,
thz7lh0s,528839293,-3074238188239903977,
tuoyuezhan,538556403,-1516777302471820898,
chaongaymoi01,525115154,2200073622505058410,
stsammiie,446568310,-5296399116829619892,
p510ks,478868924,-6430848122386367389,
THUGLIFE001,586559726,-8793036362055114511,
tylerderd,362294524,1941096766593487563,
TonBit,536696252,-6604255063460885130,
teksavvy74,529446307,4571953494930497373,
juntomi,562849430,4680094527421912035,
mukeshtuli,459547883,1991841862089628169,
topleader2018,508436763,7743451962206045654,
TanyaMalinina,581600621,4170747380810011953,
Trader02,175374091,-7860753195127164002,
golfjang011,287898585,386313518251260574,
tuanthu,271120412,3424381284107920474,
thanhlic3tc,486489061,4228322318582879895,
tobsp,433168360,-601805348585987956,
talk2jamesbula,305933735,-1863264060784160590,
trumpnguyen,574393399,2887667988508354344,
donietran,570937875,-7561234616829362485,
TheGreg,425421148,1247712735178226286,
tkpoqj5itf3,541810337,-1720220791558416903,
trmglp9s,598224739,-1210200962049538183,
TARO45,505298707,5546585442147244437,
gloverwalls707,589835677,-3132470951432905626,
thoai112,432768568,-2139378933635659201,
,408698979,-5906532416061643883,
tshustova,521897501,5730687534222156068,
Majical7,460707539,5783687007851535372,
lamceo,259457954,1244206961714573370,
SergeiTruf,393943801,1910802504937971456,
q6g8odfk,570939178,-1791332852834345617,
thehao,467734818,7603759686137551498,
shellatriana,531297807,-8105829506397778412,
Mamalie93,482077411,5363562781171920972,
Tapan1981,493834095,-3909955138934165368,
tado44712,536459460,5715835395938713995,
alfaromeo155,506512686,2418393597047551488,
toptime01,499011073,8824603257897733718,
trendy2019,503802502,4433366446035585315,
nguyenth123,529670712,-5656245719350591500,
trinhtruong52166,422984398,7622543484372681315,
maliktayyab775,383189786,5245952210723923543,
thienloc75,561912254,5498404723903542321,
thvrqetonh,523319526,7735768604306076659,
PTCMH,492873856,-7703532267261079593,
luuto88232,534149243,-4957885942618940504,
trinhta88233,564644881,2435249087016784494,
tsqy001,448542473,7151168018958303211,
Tazer12,454625926,6652786224617495802,
tamer456,400037831,-1389453568664025076,
tumtumtu,578263023,-1516333879061706056,
tristian1974,566124257,4926935620891218803,
taras8552,539321918,-7025635629728158542,
trystan1987,562853983,-6424362978721219819,
tonicka,539231407,-7206618454932244480,
marquez1962,492247836,7182911257272957931,
greyson1987,514104883,1213505439911462912,
abraham197,566532259,4301678832916672266,
sonny197,504689291,7722298383743628216,
TThakker,494746572,-2061703183296899763,
brent19,567254164,3477352632425050715,
kianmoing,481529729,-4702759833792364481,
BryanTravon,485327523,8137302452270586567,
giangtrungtoh,500308186,5287512574506145295,
TioJoynerAlexand,532507845,-2465213775289531609,
TariqKeltons,503839371,-8203859996616725837,
trungpeter,521194961,-8837949376285277291,
tariqkelton,518295029,3968615895818023453,
TSanSanychT,523916077,-791167855345616258,
tam1996,445356536,7068586349963491530,
Toysr4me,533844274,-1082273653264022067,
kurtismarka,522881300,-5514368391864699031,
pizama,468142320,5260367900377844817,
thanhtam78,516369362,-2531020582671392114,
reganadrielgwe,341174787,1677070136007137073,
adrielterrykoko,393546624,-7119970093039612846,
kodyleonhasband,491793360,8179272288137061743,
Thong_Ha,457878958,-734790005324934552,
rkhatungp,492090587,8539315534504765175,
TahirCET,511080096,-5602831044526701055,
AndrewTor,562321843,-6563496000394619666,
huythan442,598500813,-446501383387387170,
thosuperman,297426483,2574235007895777290,
t0nyel,468028581,5775560502330760224,
hothihuex,524782877,3303897168519259092,
Taka0505,468317622,-5429331178480252375,
,950697898,4446539987164729959,
SHRIKANTH143,548856500,8143505369322359443,
,1015799011,708186765692003120,
Delvin_Smith,1366536286,5714945953113361775,
QueenAzalea19,472028465,2108343244547010905,
,1147848831,-4848265314511514081,
spacer5,960594388,-1473364332389735144,
,847674116,-177090954292610383,
,1162424774,1029145561023961128,
skakeam,1041770711,7949784345311351378,
Sanaz1383_1,941486468,1745365953525584797,
,1177782712,-8521598615909125638,
saevodaelemyly6333,1073686954,2421298227724139954,
Elexa01,1082679062,5759653722958938139,
setminz,1007662639,1766590256538807458,
Sudankc,404839920,5483914876410408688,
Sanmi11,928217334,475250420051675045,
SMM_Boosting,1119808081,4340215856918571553,
,1010926568,5644552120184278942,
Soulmazz,985446208,-9064649874897914735,
,1067418618,-4778547065096968749,
everetfabiankamo,544244857,-5726279972879297496,
calcablysa,519566082,6142362382467924419,
nguoivohi,767843404,-2264341164523092240,
SudinMS,554414397,-5380881249686047884,
SpicySweets,474779394,7731578381008967170,
,701214481,-7417774033900837913,
SiriusON,600200611,-6806306320569736803,
johnsmith1940,600038295,9008383979761307802,
indrabois,536137191,-604960369046031267,
Shouravpuc,581158837,-528323777718987683,
Jeanne1,372391644,-6545099252975617744,
ank89,532019834,4075373930587808214,
harwin96,464085678,-1255645967716182977,
darsansanalkumar,459838539,-1500123302174935505,
kanadp,525865746,-7117756482156620075,
Jagpal1277,543103558,-98482210035829199,
,607572728,8391053996250538335,
schcrypt,525668541,1659787822076454036,
,616582220,-1073082905242597448,
lgssatoshi,544238390,3867697920084734894,
sunnynotgr8,541331768,4080887441179679298,
solmazbaran,481278710,-3295286278179991380,
Sijoni,512973529,253347509960907566,
Jragghulsingh7321,534720197,1647683373573184740,
DavidSmithIII,574816835,-5937764271424040471,
EricCryptoos,533954059,4943070770619074639,
robotstarwar,407313368,-8828209182569372930,
ballosimple,209323230,-8665967481833719620,
mesutsaglam,589696635,-7143260581088212304,
cahya_sobandi,519932434,-5072688792550510437,
sedoi244,524033410,-3254675817285856712,
SarlochinPower,287161319,5352968347788486366,
Snake8011,502680583,8201071274418181030,
parjodisteff,500091453,-4176974290713694444,
sarijahhill,591661253,4453126071013201482,
saniatun,595193638,-372305137576112664,
STALIN33,446068674,8385952350069715762,
febryanz,582692943,9119299609335638455,
SorinV,393463650,-1406548475148522233,
bithascher,459743576,6993346745501399392,
Puguhbr,454911676,-5130076492311533289,
suwito_01,398230594,-5031769904296089765,
indrasjaf,586380386,-8849717983427418225,
stevstev,559249005,5735168768426818811,
chrizselecta,425260015,-3653353132578074858,
sprinter10011,557829624,-7809212636433812856,
rubel90,500314993,3295714624712825973,
orzala70,473501178,-6577240584580033365,
shnka00,597113103,1314351260486626223,
secoma,293150666,-3620620564982218756,
rsrs7,458816285,72509429644710597,
aeras1975,568839544,-5147075044660767662,
blnuvftbz8c,534796314,616382383970985187,
AdmSergei,546163600,4867298315600537973,
sanshri9,296716270,3659421090326945857,
Juuls2,416269134,-5571213378959396294,
Ading865,550725203,4002664493777527867,
Engrsaqib07,597810987,-5782711474600529507,
,524186658,215760525726187276,
Orxidea17,395038398,3240790792831187347,
Bankiekay,270067929,-946155955450832817,
Saqr61,534571580,-3878220156062331194,
du1027852752,546302717,1019013600178601717,
sps_004,395787565,8102969958011019223,
AndriiShchokin,490373360,182385327914489493,
sh2018neo,535539489,-3279034444903142052,
narutosasukeco,395295386,-7844134489738222276,
shiwei520,585652908,-6008746894346893557,
sarivia,559442452,-1290271113831260552,
Showeeem,475664676,6486216364412992608,
gobless,227520908,3451583420805539155,
sds2189,333283715,1047856104688731253,
shiraiwa,507749203,-3877975399751898816,
satish7344,564664745,7185339027493795333,
senpul,386277926,-991685166479853597,
,539938121,-555945642799213580,
Santiag43801421,514724961,-6205064077294048565,
SergeyFalkov,581222158,-2654936092357688064,
jophai22,486303310,2379472463738317141,
sgbgxm001,474791932,3260661895337783552,
Reinhard70,472093866,-6069305618624391734,
sks201819,597522737,2610167178570280726,
Sapran73787283,594432692,8419825674405546800,
Sergey_Skornyakov,462519384,992703158862377299,
SegoroGeni,431516761,-234267326772940641,
Shwabit,556604022,-3974615116822860563,
shilapi,568829529,9042156702108740751,
,439545874,2142801114345449166,
panmubi,515941635,-208106858784013939,
Soram2,586644192,-8746465613108351123,
maybelast1,513963516,-1499232992958399877,
asimshan,529766512,-9122463923341314646,
naomi48,486899759,1611986859944962501,
BrainStorm2018,489010064,5449710909780541260,
SarahHardy,546824861,5311289166941871206,
kayone1,531925166,-4630969400275641980,
Sunday84,240664001,-6302103590354202438,
she9rdlv,567965791,5176214546352697458,
SMosch,587492053,9169293577094600338,
Joyce_Belloc_rUEqDTJAUWhj8,531032882,-645364284846967952,
SM1050,457491878,7901125342861002167,
SmokeCloud9,481104111,-3550273068439189841,
allaks8,313082737,-68896512156180328,
song41k7,599295773,6112339440059039811,
cufe99,498673804,-2482427240897373257,
sm69ny,532116220,3548115754540737856,
Slawik_46,456212320,4593235679585800042,
dan_serg,296868980,-2597057376867996567,
Bitcoin_sa,372499770,7721069349348266715,
StrongR,367211309,9114801145469514412,
kuro2673,394309169,-7612073767436884687,
som1991,557770098,-4332130555786730202,
overdose23456,518961244,7206222135254963775,
cqtz2wxgf3v,514440149,6375779961515419630,
sahib_gasimov,495097290,10228511047339343,
ohe783cl,561642193,-724798475110359493,
SAMPROMISE,374033356,-4967683051149819524,
suke4869,472381025,4190427247654289853,
selgin35,378286097,-6441790723535576447,
sdsdsdfd,469137895,1204443020768089662,
Sigitpede,597603592,-4099292029226469454,
sellerslott1115,540465594,6376855992256815339,
snyqw7s4i3b,599258147,2301750007041822934,
stalker911,345107029,7443929001352407072,
Santilaru,330598607,3146833083167692519,
JavedSujela,422913587,8165101265644617157,
Sodikin_13,424612191,1496995828482994449,
sknpfx,442230964,-1171016236874831695,
melance77,382261898,2100405841916995186,
shadab786786786,517607611,8693993608916302576,
,1122509116,-8496739847633646552,
BenjaminRodger9,884648450,-3924482956519816641,
RoseReynolds,1110608206,-5154528658657345188,
,1288882399,8295724642987725915,
Eeee4331,604635872,4662916894031125038,
rumallno,1015858896,3624114531925631832,
,1071870674,-5783435402884114656,
,971404037,-7803071818983519578,
RaymondDudai,926784335,667774881739381220,
RachaelFoord,1047519113,3939920676771137517,
,1036609279,-1796018751319957151,
Minarezk7,532531005,7719709522678408431,
regene_guevarra,411595841,-7436910275173499161,
ritah_1,627268612,-5879204815375813154,
ramjan1,419232883,962258688614511733,
Garenk3105,457580314,7007695867007289008,
,414329108,-146811667328560164,
asikrahi,508302072,2578552614151652235,
Milpublish,567582499,-4915697824454871778,
Rahulgera123,341181996,-6028246840577158920,
ratan01916,611656078,6351396254596072437,
air1d,580391130,-3568197761973410025,
ruslan_gibert,397539053,3374953467463402638,
rukinjhon,559627524,9041990211064802398,
rukimin,496640281,-8517041392326533952,
rokhiminrokim,551460186,6701430571735194053,
JakELips,590467851,2082701749284495931,
btc_Red,389147801,4150829495887150609,
kuchumovr,464185494,8161280829110930163,
onecodi,584780760,3878356490285015455,
oleg28rus,518111589,-3745674857609002629,
roberthjm4Him,298030194,-5976855486393947656,
Jkbeast101,538337115,-1985338999780786263,
rohitkamat01,391797039,-7737029339503959392,
raysh777,520405838,-4532061531930352432,
Arush02,594509831,-5623947584630023800,
Raigad,521740771,3018792841109838115,
Czk888,480377221,-1770413506110062191,
Rofi58644192,556166495,8987436716467458752,
Rallu56395786,526654390,6034630506272189420,
r3r506hQgLzIfer,556885415,-305619024844006798,
Mansi1302,400960054,-836611805393524320,
RiegoLou,529516254,-2459168257448045710,
RolasajoRivu,587372939,4582875991046391392,
Chitra2304,496464282,3980527228019789033,
ripper81,437341353,-8614109682587994414,
,561945982,4550106315339126178,
kidoray,509301620,-120422126272133288,
ReginaldHelina,483499198,-5747638511879775511,
RoboWEED,431982474,-611198535444494175,
Roelof86,478719499,1802645178339313897,
RV_Fotografy,547129150,-1255539111262184681,
rayill,512137332,3208293469864371601,
RedDeni,561640836,-2362727734719732701,
Ashim_Royjb,481750779,4769946859265454263,
Ranu533,515072310,-8898976452331499705,
ri11700j,512700709,1951033613241407040,
konter84,476022419,6170562137553230559,
madushanperis1180,543470449,1663977101367293573,
Metroido,439964545,-791044977578383867,
EmGUR,447118469,-3051486764433857882,
Onialarv,320056997,634080183466140497,
sathandy,493225155,3402331780061798109,
Anuprai,369326004,2676849662205655706,
Ghani90,258007172,2268609559084537321,
raynne09,255927652,-4576006884496136601,
Rok1215,465214714,-5348606314377585647,
robertcuong,489707116,-5439408922975056881,
laita42166,424581018,7278169389738754826,
rheiwell,558350084,-6940082966819403075,
river1986,504976426,7535513443336615322,
RamonSage,524748025,-3167500312396607651,
clintonrianmr,496710564,7774916687684343265,
rbagul,383355347,6718345942887564726,
RioBrennanJa,504448124,2476602395754439310,
GilbertRicardo,525661649,3170810200810001313,
BrianRamiro,499721784,8311141366869889134,
Royallt,478730454,4646283170383995342,
A_roccosovskiy,529715017,5937513712347209838,
riza99999999,559655248,-4947614904484817045,
rebelincon,535538732,172026665999086990,
reubenezrakaiti,390058233,-1886833346860677088,
Rudiinvesta,498908952,-8623444132736687616,
Nazraz123,532878697,-990613284131383552,
Rolly29,421637555,8591017364486632165,
,523869668,-1598140397197247461,
Diehard87,319479028,5704388467597257103,
random678,545971763,1456589364579649348,
fropars,417434844,4875702359323297331,
BorNL,431636042,8563784708782140439,
santosroxas,240468047,5439483726783748879,
Roman01kz,328832425,-2125758020682443787,
Ry_Bak,514798811,3747764741201371782,
dbanex,348898629,-5502254754763528975,
roruseto,539001819,2261858700132228146,
fepcxmoqww3670,438899926,484054006410786401,
didolfrz8320,500252003,-769589877786599345,
reblhgvxwo3940,516375396,8205737022023168343,
siwtkqxgnz6049,340003631,-9177891418162891223,
Abdul_Rohman17,419510491,142947582118175132,
ArtemGavrilov,534915858,-431349710033709491,
rafaqatawan257,538314746,8652095477112318897,
queen0206,337161829,-498144838297099865,
queennass,849703584,9095659697454052368,
kolge89,526009977,-7882834383967406750,
huangsaa,540693339,-5042883530686857659,
qwdqd,503613508,-2192372109567922032,
qq575569076,598227047,-6489563304191447717,
quinten023,392817955,7255221049864047448,
qyny1314,550890674,7367546900679194836,
khvahq,487526452,6867461168667835139,
,596259595,-1581075105878525771,
qem8soix,549667004,8723177028666212130,
qiaojicu,429097608,5063952027786341514,
qhjs69eb,515415279,-855498726364636605,
quittedoverlighted,397224622,-7687149214147939602,
qnkdv4vlg07,498774081,2799922323643571708,
quintomudigo,222519142,2330924606616984875,
qulvfmoa1957,491775224,-4651195880996105118,
Light1991,288915733,8331514332273747479,
charles198,561731835,5171217234753491699,
QioBellAbn,464914905,-7343281897510735707,
,455677305,-4139207644258155967,
hungphar,416136953,7606099692471217952,
,1214892487,-7811104137344936239,
,1378721278,-2558180136333352370,
,1251023923,-3600551977968711793,
,1143094570,-6012401980439774658,
poerufl,1010642703,-6802160260320643524,
,1004279576,8244204794766614595,
,637560266,-5776037812456095409,
PioFitzgeraldLi,476356377,-6580721777137972927,
,930545072,-6596537727731060500,
phuongnhi12345678,892153815,-3453110480884489086,
PeterAndersonCrypto,811239526,-6697583339944825101,
Palray,544395198,5042397489609932746,
Kuberman,545098308,5438949716743061608,
prud1,537707528,-7979424623935281839,
peiting6,517316647,3257949884273705484,
ponpapa,572119843,-133962282440281405,
Prabhutoppo,495045543,7019714532395701560,
CryptoPpen,524821366,-3593720666136839454,
princesselyora,419166964,3257377860545543586,
lekparjo,527003802,-7120804929062094216,
diandrapram,536969875,-5134601511902834041,
phuong_crypto,457964814,5591740097532447348,
ester_palmisciano,200207082,6005634200461200267,
PeerHaack,592717359,8027622618040406430,
patricknwibo,359750394,1423968660994044879,
okennaprince,272672092,5982290587282241601,
pejuang02,541233548,-8622932466128993053,
ancica2000,589632996,-885126907265968841,
phamgia,416659857,-2160668400565904878,
deyzipool,307717270,189246108958406266,
PraBowoKu,311539186,-41794380100849217,
LOBBY484,529591750,5166080152340298769,
platinaman,442307868,-2472942888176142199,
pareshnakar,599259305,-6128999544090981854,
gvsw47lf,595734042,1520399581953863099,
Jivion,599738745,4893899452113198931,
cerek,539811980,-7272084359539133255,
Kucril,593613200,7407986541731243435,
puzz_karapuzz,286509114,7861766272185990876,
pastukhov83,529334832,-8367058263156317804,
Lamzo1,596070058,-4971963018044410627,
phannghiem43202,479744166,7426328975243092684,
pratikkumar411,496411840,392972452334602352,
SergejsPlocins,360570372,-4104169240612392843,
multic512,162527401,4052580904123293778,
phamtruong381936,319163500,49746800759696736,
phamnguyen80149,540806346,-302977843536685148,
PaigeHailey,402431120,-475338138225881632,
Putnik1909,534790393,3420345457904846329,
patsysimpson791,541552020,-7191612870925072531,
olyz55,476690240,3363144101704810856,
pkys37340,463873606,-3403525846033406246,
,425443149,7032587877201007800,
Planduber,421261471,2115953226266894921,
Pokmm890,363690367,8107484552052102392,
daumai111189,435388043,-5037830551286672249,
Pwj4320,514948093,-6475024363381854830,
nguyenpham23,576020715,-1194137148731584409,
phamphuongnam,375204999,2813459417412263926,
gambiton,500979123,5915343767760887852,
pkkjgnh,517040855,5980196497262104415,
earl1961,594449235,1694393133756028882,
Els1mons,422751499,5351816545242759077,
paul1979,461264618,-5346480791536124702,
SioParkMerri,466219058,4564991357399886851,
PioMeyersCall,457451937,-4956183305497660393,
PioSanchezNo,493613464,-1717072285573288390,
pedrojose61,447302195,6424872177428043592,
Pgnmrc78,505224798,-7691176464655179464,
pavelmnsk,569833470,4706787997326666794,
pv3xv3ex,476552939,-6622756315347969098,
phongvo811,563119863,1642960798389530787,
hthtr90,478586933,6823238082799765874,
pennycryptoclub,574787468,3046727637855911894,
AlbertP72,467900171,3499348560832458935,
Mister_Paul,361266204,8574629667913094226,
nilin69,385155947,4653255672780428685,
Prasant7715,511111401,-1502250874586117946,
PhamManhTu,414019867,-774252263190156471,
,429728311,-3434862040057248764,
mrphamau,344724477,-1377984512818957950,
mnipks,541458458,4156370107482062429,
Danieldrew1,945749073,5300474650240298522,
,1063153082,-1582076697385558347,
ozcarsupport,835409522,-9203575588519434786,
Oveyel,467736517,8083823805382998009,
aooni4,516952173,3999314329664559765,
olgaportugal,563027625,2283945680413964013,
Obikennethonyekachi,320761358,5807923107653053679,
Oluwaseunn,260933952,-2581647042167853582,
onoeto,535438637,1275415843121490428,
holarlekan,529067834,-6361441046135573041,
ogulcanozugenc,383382260,-3436559883052576238,
Ogeflonz,374935769,6983482459395400637,
Olive4,245695896,3987941912060358984,
gfortune9,386984508,-2576520835732775993,
BitcoinEugen,127653932,1541317163497982305,
Minhngoc88,485818936,3959603535552585565,
chikaorjiakor,301548734,1850483839408782391,
kleusmol,390583905,6416963860669667002,
Airmonie,250596147,4620872312127092228,
omufoesp,577381588,-5239056856934007160,
excel2470,382080427,-3120904764688584335,
OliverTheDev,237766564,-1515333598874874020,
Offers7sam,388155102,-7786454128247463753,
Billionaire100,527740704,-4195153516195628339,
Baygubekov,355995755,7495896101762437271,
owanpret,481871880,-1234084048615860172,
Oluwakamiye1,418665665,-6797028775631263881,
jamari1952,561966604,-7875577833525419532,
donovan1979,562595408,2716933805651629213,
OBISIL,428044709,7590451253482200404,
,531743539,8736988689774919773,
osdfoisjfds,573775324,-5941570234993496461,
jossydaf,393932390,65502787597721960,
smbaskar,494761269,4779493119222441692,
hayhay666,561381526,-983887279246809332,
onecod,389004942,205897816146475471,
,455510483,-4874433700756818248,
h4rrie,548418969,-1288357109296958618,
ahmetors,563097434,-3580810632309664565,
ashanex007,528274735,8914816085384882452,
oul91908,518302594,-7100432366544040478,
HopeTop100,1032005408,-4975351488185509341,
dr_nico28_28,956668224,3789512935161440091,
,931445516,-4793972640343927157,
,1152471606,-472698621658522061,
komilol,914823661,7006342716500030624,
,1275516194,3158625956885397284,
Nandmate,531974585,-8232842212904359286,
noisongao,715463108,-5940682156179095549,
Nparadigm,498170151,7728529187951194684,
NgkangLetoy,359155044,4689316472111907991,
newyo15,513108633,-4870874128069207164,
,531575245,-8375038574843917937,
,616199299,6954731748522856177,
funfun4401,562933090,8944598312596783001,
nravov,589801433,4678756826575248236,
ngangandondo358,569729464,-4368048833450140315,
nobi0522,467808287,1250480827946706674,
amumei,447619154,2532357663232303484,
crinoa,493476186,4328252044129841393,
andy1948,519730191,-7065625015340769270,
Meliodas0986,461637340,-3064504056807245699,
node010,541671409,-5966820362175282035,
maulinnuha,539414877,7422575500632928299,
nsrnmr,579085021,6483758481385318485,
nitrobb,445418910,-7651036358868661421,
,441488688,-5402624170472929181,
nikand031073,446602367,1753355989632949209,
Nikryz,571938960,6108198133107440294,
nihattbolatt,166567087,5021869167656983011,
nikitahoh,560424195,-5435634761507458072,
Ninjagirl40,387997485,3413358942908661493,
NewDaz,494787165,-713446352822453920,
Nhung121980,492054156,4633253949028180579,
Nurlanta,459989296,-1590633513209114937,
bn9n7hu0,507401098,-6432216641986735412,
amosneal,510794689,6440702702173715786,
NobamH,501482469,-4261636401910992026,
defry123,525745386,-6133526496753064741,
Novikovdmpro,403013991,4477226362132883638,
nasseressa526,525171519,-4229592301428145648,
nguyentrieu67530,553661551,-8203822115446320067,
i8v2yugg,590751301,-5766052613008128112,
Niravmota,398144509,-8790527765196594375,
HadsLer,475885441,1935465426630332541,
mathewilliams,417766869,8281968659443701286,
niceban,398448440,-7501066146402897228,
nguyendo50181,437000245,2565373830181125896,
Mutant_Jr43,594487582,2394210614592916948,
niravsaraiya,544001728,2981723609099570698,
nghiemhoai48237,322724419,6343320761853079030,
natanielSM,589224608,361190216876862393,
nguyenv49583932,566646465,6687361241154464281,
nguyenduong49246,464565874,-1044414763552643782,
Lynlyn27,469854212,7424565644578676514,
Nika8889,390190082,-6744946431991878257,
NguyenTaDung2,550963895,-8794507554307360993,
NguyenLien5,543000046,1912131500460088540,
Euckies,467931596,4981825832481275187,
mlm1977,478581490,7979914117868123441,
nokomokok,63574600,-3709454024890324697,
NBEzra,545239120,-5836218234306294527,
NormMmM,550309566,5677812553976787988,
NizexoruPibe,591477931,3781168582237329268,
hoammg1a,487115411,-6234853785159852359,
ErnestNasir,532515327,2944617798283332273,
NanaSpr11,286373485,1070547061525059008,
nuolunhuai,513714558,6550192607740599179,
nasseralnajjar,549550286,4750315281838858716,
datkps,494540782,-7255334253613789915,
NatMadge1401,596707382,-2483982942880238343,
nilesh8379,513713936,8216619269894953106,
,527889160,67148659274365294,
trannghia1707,525330591,2792105313197265778,
namdm,470675988,4178418617516302066,
nicandrey,560352910,4382325570176284212,
Thien3893,303295787,4215533151095427444,
hodoanhnhan,437430023,-5013373594786707234,
mattnil,546930634,-319044381045053853,
nguyentanmanh,569260334,6380076813075596622,
Neha444,478807017,6713715853586382409,
NakibChoudhury,414214096,-4125247844985578947,
njhasan88,544416897,2986663659088390223,
nhatanh123,318029153,2210904230313859553,
duy1811,487714332,-8332154809700076312,
,1187489873,-3200712150130510910,
,1333396597,-92674457278898719,
,1246620867,2170323437204381638,
,1289171489,-6051060587791378552,
,1129878531,-7870883161397487433,
,1183694050,4570122911227279994,12532147739
,1285568344,-2162467178661970662,
malunggayGay,489484897,-2658554104209949315,
,645022953,5962891887872707777,
Maryyyyyyyi,1243276495,-611578745451618001,
MeoMeoX1,1037209911,-2208495924259137081,
,1174721386,8699513637018036242,
,1139710860,5813010889140866665,
,1100465070,-6430153861717738685,
,976833439,2208435657253933464,
Mimo5940,162173218,-4334650385799191059,
mileeeeeeeeee,592709329,-410571494390280705,
magnolia_97,823787954,-6582511307959939918,
Irisin,554504140,-1667845485055989332,
messi02000,840556900,266214947849410582,
ManiatICO13,442594810,3319589881247487519,
monirsp723,619179894,7162787304025049510,8801833609920
mw2013,350676516,7576510018312428602,
Magnus17141834,514297312,7299777841459476496,
MingMei95,486266883,-7052633295411150810,
MjmjWoon,148148062,1709790586598988902,
mixianer,560318794,-4744613180280069662,
moutou8,575356252,2194895661605638670,
francisco28,488799953,-2066542942447533848,
marcho27,539985293,1759021416193703478,
Methazo,413471677,-5252132799191805758,
mandycheah,574424211,2784467051636606254,
,585044730,-8490207439564149653,
jun12z,555551848,-4533928645734335724,
MavenSelfBoss,472613314,1546098385407283066,
devimeilani,562042476,2392594098121388161,
maskhano,434174755,4968685426245684264,
keysamaer,585648011,1022565388459260001,
kasrimun,586293916,-6411511950535827430,
mikky07n,168647902,8884479792831279147,
,546705672,-271555028015139499,
lvaRosalie,503547052,-2634478084877047301,
Mct0300,408451201,-549856624423944692,
hosasak,544081997,-2842559159870007535,
Cryptoman2,338258524,2353651926134345669,
,398081647,-5260717441967175789,
mepisti4,543406833,7106253904061673803,
Dinesh_Manjula,527273051,412485411004836922,
kevinmac217,456285422,7828502588523023760,
Matej2,570142822,-1825161945300824828,
kunqueen,549889277,7388085434732579170,
Martinocoin,395255611,3073559247223247124,
cryptopennator,431384284,-7800777602238227271,
mai_biw,570049419,3939198432550340476,
moroz94,510717018,6590217451459917330,
magdadita30,576547033,4329673231914189690,
deanm21,515194593,1236730169828538201,
Maxa44215435,563890960,8240903868326566230,
hvh6akgu,487176628,7747638447773239087,
mkrt1992,500460057,1335773299959756195,
johnyhound,449764860,116124040408984853,
Max500,421956149,4772959210487076308,
maks300409,421544516,-5001914895395911297,
moncefderraz,524535909,6355054087093096995,
battal2,475336746,-6659469079654409675,
ArndtM,479870130,-6088054516936297903,
mervinbeh,460598352,5397375019216048903,
mister1982,508836031,-6487635329860489336,
Maxvold,501592144,4197176360246424441,
DecryptzKey,397937120,5975944246852065346,
mil82j3j,483663984,-6227284373256693176,
majidamir32,534458043,5076168805775089551,
alwcivq3p0e,471251103,8885965897698999389,
mercadomullen793,438360416,8610723804800137676,
Mr_DoB,392916590,4066361291789497499,
delacruzlandry703,545385208,-4722497089998548793,
f1yzw4mq,585147369,-8342049314595861913,
DMadis,531340751,7966267859112555228,
faamat51,463517297,8021977690520695442,
mciftci,491277876,514326805574226274,
MaharajaDH,451224229,-6194031871576106957,
Ian_Milne,547912219,-5232607464953494809,
mm1112322234,526082022,-3381322851315794759,
Miesterjk,328417971,-1126535300715605330,
Laldeb,527765486,-7192440523722129182,
Emelja77,476162217,5997267779536881231,
MCDevD,522815435,-3779008509214363262,
munir343,497179547,322924950465836168,
feraoua,505028615,-2184360455711537246,
MahardickaYuda,516366982,-6255330924095764436,
mytelegramisfree1,505516098,-5269775320804033618,
Silva119,437514399,3034911101242342666,
memloop,590011415,5738438301875361185,
Meekin503,449869686,401346537556617299,
Amirah_Cuevas,573489141,5548667752888889117,
Julian_Mathis,574963651,-1954788513190312314,
sidemoneykrypto,458161181,6950069974673853783,
SonnyMorgan,474905219,7053425387704098861,
,1256589140,-2864525454131273055,
betylega,561264206,-6601139058199094535,
,1342012399,8287894210089677425,
LeonGrafb,883201155,7795759941389705478,
Estylo2281,890454535,2742609963942299224,
luoyi52419,562428836,8437579586287649376,
,1095133480,4446128611768060198,
,909751564,8846095833813036167,
,991800517,-6052803310135870391,
,1022889473,-6344654432651328946,
JuanEnnis,526004409,6827939707012007346,
,742773342,968497925637316151,
lhanzkie,495938402,-1440581321180507149,
lukexx,579649958,3593687569469885295,
,549025572,-8653363968822395639,
AdKhoangLang,441099167,-2686751270983569757,
ferrypilot,394496971,8678821760956800537,
Lyuk89,482289153,-2145063157033083584,
luckastree,517044674,4554846344417773729,
alexlevk,363059907,1636412401133217207,
drpcvzla,583299620,-8811425862601460750,
LorenzoWJO,534483882,4071939083843276118,
loyzazbtc,550292308,2247418634341702056,
karanluthra2001,498452542,-8676506911517874772,
LailakhairaniHrp,560705737,7300651845218284105,
karmallover,381743817,6682768224679914062,
linhlinh2018,474060962,4409133090130828995,
leo4657947,545959130,-2423755992683704995,
lu977,565083037,-6819089038431124137,
lamouahad,506262783,8998723978087874973,
LeksMax,530429104,-4585032136148332762,
lf0833,506821137,-3258171417756893047,
lehi123,597267217,-691501867324932111,
LINDXIAO,464724672,8107171205573710489,
LEO_GRIFFin,578804639,6363567966765523556,
ILavr28,538850669,1887227217172954041,
LDaye,519364888,-8556603188458826228,
Lviant,561985264,-3471850926271643388,
Lanrex52,406398864,9216285656694206675,
claytoncolon,560235942,-1837623929587679016,
,526795435,-7575237138449652971,
lindsayfoley686,533056548,-7633941133865087512,
downssellers386,568230504,-3471265920814938408,
Livsey,512608109,-1632299878120496742,
dangthi251300,588787208,-3515243509303817252,
lilliana_levine,446033972,8192397304401785411,
lsq001455,488502322,-2297174083075266414,
dongphung35780,549059285,-3290513844294928522,
leoping,514058796,-6163266920265785344,
LeadersMeeyLand,537290303,-5183254496778311734,
gurudog,504765845,-2235111099824723650,
love8126,505638835,-2802513684038116563,
leomcguire31,451768113,-6863374002331622064,
l18107490538,523783484,-3034618603082535784,
lisnie,485579261,2430914434165518254,
kyree1971,411343218,7202714626442400059,
kent1976,574242311,5835593334966545155,
grant1962,574452791,-8244947939315925157,
lolalama,568131446,-2896589489311714639,
alfredredw,567553531,-3785631836396575020,
gian1957,463400570,-6419049029880296912,
MitchellKian,525473007,871555431049440129,
luonghuonggiangviet,534943262,7140763288146553761,
LioMendozaEm,514809093,-1760325871869451513,
casargiberttacho,495022287,1354004206017097890,
javanigavenkbi,389584812,-1557368367336925350,
clarkkendricklumana,510034771,-3261542050029382804,
Kent5858,485598709,5379674936050632931,
CryptoexpertLyons,486507836,2269499822761033516,
laohua,505028711,-6278369496691822929,
Dinhthithuylinh,304224591,4989681815142389994,
lex_de,452907702,7701808926954650118,
,544376162,6434553151206810682,
hailtoher76,526142582,-8376228222433443122,
brooklynnhu673,536092367,5360807555042132335,
saintlukas,561553461,-4796549662431295714,
SamLahr,598407861,-2471098008805288421,
LudmilaLudmilaLudmila,548638047,6758346654189546303,
facebtc,480637743,-3696045988933090028,
abcc618,539973150,3249337922809629785,
alex_goteam,543949995,5669878139009837133,
,1108256138,3660631421419569732,
,1276625073,-7367053247113728453,
,1122067294,8135745713113919086,
kfcmr,1098291273,-8927770297621922960,
Chibi0608,832902871,-2634355448626142917,
Korn666,514557704,-1332321702877653043,
kakang2000,888604602,-5278725733419929210,
KremerJo,190695346,-3995636976335837779,
,881955755,3955646996281750366,
kimjongtrad,504843994,-3603056902213831193,
kenken518,568108253,6479831726392579491,
keiko03,577432371,4526597654219348075,
eski2018,490885682,4912232551046642140,
golemtu,592380334,-1656132113696623455,
akiki2,510270724,7687435123214446628,
keyshout,536474510,5650555508941277509,
KienPham6109,554699985,-8611961451247557164,
DarKS0lD,88175745,-4199955868615374050,
keylajen,530800740,-838446068249657802,
kumaiyah29,547699939,3750006570135216599,
kasijuan,517171946,-1335311284888573207,
karjomankowel,552621648,-1227181387088904055,
jumikolh,531958459,-6904803107784856134,
adamstrikeF,557615633,5761755211913231997,
Deepak_kumar,428472906,7826042681355767544,
,519940932,2708082867502266825,
Kingmegadeath,576882174,-9021202569963831918,
arifspd,459813888,-2650792178348656149,
kzmcond,592724609,3819434777122916587,
danan678,533636548,-8048361429946600745,
kc4254,589327413,-5668537862705781000,
kazeto78,576676614,-2856379098059855855,
KonstantinovD,566555382,-1620524584683210830,
kolocova,482265364,4883045018133337058,
kaorua,558125973,5326111438213610482,
Koyaanisqatsi,152848429,3218563084255092846,
kenichiro0927,503172667,-1291291475434108268,
kalybit,545274801,-6309798996414787375,
Kodok182,457524989,6306610279286120145,
KapilKoirala9,583361846,-3426228506979458698,
kaiwurz5,472364607,5425732726141384367,
ahmedkoriga,529937504,1447400025980457794,
abdulalkhalek,559624140,-2744883556607894398,
katerusia,558142866,337972475206475401,
Kartiek23,525209405,5652942658394831772,
kakaomakao,440609040,-461781229729393666,
AnandKulkarni28,450414855,3269711517564512254,
KorzhVitaliy,410673314,-5396177349267077500,
Km8776,581730501,-4952078940730656731,
irma_kholifatul,557554745,3086850060617910733,
KriptoArenainfo,439934244,3723822020644262706,
kangyusoo,508411785,6107501064614430460,
KLOPINA,447082711,6132465283515998355,
dinhhuyen611159,554342947,-3587763602646812253,
kieukhoi61167,483252857,-1741774771543147986,
Solaroid,239626494,4260679197194573156,
AntonKupre_AB,450484671,-2883001620217142482,
BitDcoin,454434619,-8122930870762061920,
kuumon,372244647,6499040481895336080,
Durvashi,495263831,-696028929754863972,
karedgold,263353839,-3806466884409869640,
KrisGRu,437908317,-6627991380324823447,
stkovalenko,591658194,493725954265619155,
Kate_Bobrovnitskaya,461828723,-8242709547590013831,
karinaroitman,547884932,3804259062084277111,
mishakunyk,366212108,-7637069365797386956,
cory1971,564161404,8315505786079754899,
keikeic,432255263,2760081967138329871,
ArmaniKeagan,526818079,-1811673214026814481,
armanikeaga,518475958,3387314501022688664,
Crypto_Start_Kh,287820676,-3473666043444962999,
kerolessamir,515205914,6109842740754222245,
arek0130,574919032,-791418865996156084,
akash123456789,590948090,1381822348267892250,
kirillkovalenko07,454778644,6517731192245390827,
,551867174,6470102870233916559,
kaeche,216472973,-2540637106193737177,
Kiswono,537031005,-9150402371228650644,
Kenchang02,499477401,-8010876695005081869,
AdamKarczewski,502836878,6386316436427680297,
sunke,503606779,-4724732955832255564,
Cecep77,535797515,-197995329056085851,
MaurycyK,496458038,1500100325361042147,
andrewkarpenko12,244167973,5963533949169912408,
kalharasupun,328313254,2903547349217613288,
turknn,538953147,7698504638453590126,
abiony,418543548,9004613770382200050,
sk8446,544230662,-7142444496915672312,
,1311921100,-9160465609980078510,
,1167717397,-2369439552789851831,
,1020033139,-7452571895974025029,
JasmineHarr,1077811254,-6772529332372533995,
josphin,1109078720,6977529213833571629,
,997648130,4917458239388947474,
,668812542,1376761168041531374,
Jerryhinns,873531892,-280385148701638362,
gradyjarod,501198897,-740848453330548835,
jan992,731235494,6008915076421259892,
Juanjose0146,597378007,-5153928269809586351,
,551290908,-637084505842835608,
JBuckWTF,535687706,-7501459145118910336,
juanbedoya,404719530,3658247063056429471,
Arifhjamadar,608259849,-782500349835513946,
justinosky,397685795,-2439859918236725090,
jamarijuan,422100953,-4452321581890497827,
Jevtana,369038721,-6265994761221886081,
Hyphiee,511069485,641738141902705918,
JjFranklin,115706298,-7183468753042101714,
jaeweon,501271096,4922789011679926042,
junaidjamall,440649506,5039239099148352805,
judahm,267033004,1321055041709542560,
jacq123,527187334,3503711184095421308,
jowel1,524043311,8068480124742293688,
Jaribru,474979043,-3145436945414057665,
jmfoxx,575486824,-5091326937206978519,
JudithBurns,531098037,713580399779827576,
JagdishLal,474309843,-3763857900116053221,
jcjjwyi7iya,558331752,8825717811250853619,
Jiren1412,587046130,1826475784702754268,
huynhsong31161,389305878,-2297772258779153776,
Jackwarm,558106903,-3679368949381327013,
Judoka362,432766686,-2902025469712711308,
james7476,418448949,-3373395843397057304,
jcjjcjj,485459809,310448857224197591,
ibona21,382268503,4724298261920263457,
stubaggins9,404842384,9148453253089397845,
Jagg4,146346213,2103834953702649339,
saadmskk,545294426,-1692741131846102714,
jitander,545778955,7886547981082952272,
bringjoy,490046041,-5016098553725604026,
JarodIsrael,525445986,3110837343546507000,
BlaineJake,515490008,5512897083040104140,
gradyjarod50,548952592,-2596974623972569803,
bearjackson,491856780,-5997656964098602247,
cornerpiece,546377159,-6268127188886373052,
amirjaved,533612049,466079854455889230,
ChristopherJones,469346573,2471281933677829177,
,549216342,-8388858723534884724,
shovan_jaya,587851978,2515904524490355624,
jaxjefferson302,481879296,9120398285280192802,
JohannaCall,585098390,-4481171755356467681,
justdotme,466303570,-8133776215674746006,
JBOJAN,453937315,-4674527250670569550,
jorob311287,484986222,3984512852310400082,
cryptolover786,388376828,4848439041882547239,
icx10,661533269,1275700107087637730,
,1222928408,-1462497803379238447,
,739723065,7452686311095748598,
Iliasilias30,585292488,-6140484908585091694,
inul5758,324224682,-8431973545769477283,
Ink23,379289696,3293498233695811076,
imamalbet,501785878,5439982132207242514,
Bamigbade247,535838729,-2021713139873412223,
Deep7171,529298742,6039878028414856416,
izegaegbe,548363055,-3475341755498683497,
IggyRocket,396336607,-2953739135856343473,
inventionsknow,550234393,-8120142912970129737,
ingridvong,350803241,-7647251204050651958,
ijvmlbap,541058667,-2228182663342008752,
Girish123456789,400530502,1471692657340593309,
ismail18,460822290,-1497281442265946680,
guymorton359,456597213,5421899130593262085,
bandaroitam,540504591,-6968545676971901978,
IrmaSus,523526350,-5045546468493505446,
Inelia89,460133533,1429997204419844288,
IvannikovVlad,421148512,-1311054512306984560,380978963358
GMI84,580136603,-5826555222930851227,
IsmaelHarold,520083739,6646469761420337501,
Costya_Iv_777,584657351,2746315760411606904,
iisus16,533955479,-2039335529225581116,
dieselmiha,462389749,-6805245934492706170,
husniID,345263596,4813447361256675583,
FirdausMu,475291718,-8017557859517136643,
Master_invest,303016303,6537796316304099064,
Martins2,477235091,-3187404761355626958,
ImranTaufeeq,519501310,-8060278498377015206,
igl13,504821090,2299621473088339989,
IrfanAhamed09,302834888,-2515193278481045028,
,1040191401,-2443653352147243291,
HermanBunnell,1180282287,438494906640115477,19096605825
,1192167224,2260301091238220796,
,1185009842,4209654616433292417,
,1002839038,-3515864282755019836,
,1135664053,8146055904601682712,
hamzabouajaj,528844844,-8012023562454743775,
hzs999,489359260,6661392600252280609,
hiencon,545485715,7699849987742398222,
,319684668,6098267670029369636,
Halbertxrena,522422056,7990133338869379177,
Hoangdo5,490066084,-8394404510884871445,
Abir211,400165272,1759946649193302910,
Hekanotes,411961869,-3444288335139077821,
EffendiHasan,293148312,144554291981369536,
Hassan_ali7,202790623,-1084394265470605553,
HMobourne,551413375,7334299880241366684,
Hoangva32412518,550776853,-4256545202035758354,
cikizan,197544579,-5183140197294728992,
cryptohodler7091,559468087,-2182920805237675718,
HBIHBI64,421485607,46436925856236148,
hdgcash,579725390,-4255073450216804008,
Hanh54,404260982,1750654296669282350,
hrdzm64zrzx,578117682,6005873753476906199,
huzvxlmsyqc,557343299,-8055328166928548670,
Haryadim,530698142,-8445046537608869958,
Hei7enberg,403776973,-3227399205554175016,
honghoang511585,468518667,-1194075214648560264,
hongphung491977,540075382,8571094498198018038,
hendrodjogja,278503668,-8552508334038228624,
gocrypto3,504847430,4765946118275647924,
,527940224,-9048250750044854383,
hideo5565,525728073,3497512011389195550,
CryptoHandzz,510608341,-693276134252453148,
hrishikeshr,454938997,9159811717948051227,
bacha_11,564758977,-2211269572133944935,
CPK00,520917413,5659238839266448888,
haqsajedul,522213770,-2373991255400153932,
marvin1953,555893803,-1449286183179481722,
MioHolderJacks,509827352,-8537175892412321098,
Homenkoheg,484503862,5123069773361745967,
chunghoang,533191865,-8648523473293453794,
Hiroki0358,494159931,-5103467979271139504,
,528462462,-3918260207497713435,
ah170866,335333340,8442374994626143786,
hamdielboss,454681598,-6957765952937045431,
Hungitpro,510510029,-4808926499745156788,
Bitepicista,419839778,4649884580980475691,
Hustletime,228640334,8865081210834387754,
huegiang,428152126,-6787152507400862338,
cuonghamanh2009,528174138,4363043767240126321,
HACKEReth,508412079,4814283727263667499,
BoBuBam1993,272727240,-7611041002092434482,
,1286549724,-7949722978207336519,
bhjmk009mm,1004794095,4488745803951006841,
GersBaku,1261497063,1721496586261928335,
,1216306664,649074422052100822,
,1119598722,2032423930364906402,
,840848204,7994143661304857499,
alzeter,523842503,-6970000742027841558,
glo25,386019671,8457606212356066960,
gabrielesalemi,479809440,-4191377456983767196,
ggaggauk0916,528833740,-8720940556661551093,
gokhanbayar,490738341,6619428974250188065,
gocengs,591307827,-9183548454110575434,
Ghazi_Alzaid,468721055,-1215945436233450647,
Girishrewa,593006370,3930627097044752108,
Goodnq,594060552,2765466086269959463,
gn8361,548458074,4749443536477642385,
gamecreg,529458164,7870543651672583093,
Abirghosh27,424230341,2524904792670897579,
GeniusJor,226575512,4057068160500682873,
Gianjs,266894736,-3478301459481951720,
filgxvpmcm2,420103514,-7310629212115243703,
farmerkelly594,454452867,260695163655017289,
buita301123,577914961,-7164066355540097391,
EarthClimate,544138834,6908493275990044017,
Antidol,472015253,1219348355796834949,
gaoweizhong,531974454,6087412041777441299,
GLOBALCRYPTOCOINS,536852405,-1932617596435160402,
Ghaznichii,489198243,-4235491303190639332,
Chandragalih,405092997,61689089243686436,6282313565155
GraceGustilo,341097293,997145063918305729,
guaidage,549969314,-8734830954041544738,
garret1972,517953979,3269097193790143005,
GioCarneyKell,482355178,-4628136032054707569,
gerard1925,495666012,-6941493959077425908,
Gudz_14,392854754,180203348459866722,
GilbertMalan1398,513387677,-6590923675093959196,
Menxiaoguo,531752650,32749537171463682,
gyopi3,525656081,3888642733424160269,
gpywe,465547888,1370135041309153263,
anirudh78,478132856,-8931358343500600285,
gilay,528743083,5408714397456621165,
kakubagerald,263289122,-6663047084908632317,
fishfx123,1299427159,3743703955253124068,8618391752892
FelipeCorreau,1101102461,2534471309909939267,
fattyrabby,877746946,-3119884413374272880,
forensical,868227801,-2739276880632521602,
,279146021,-1707362652163336884,
aggabifateh,564318679,-6900808470074185383,
fucheng72054311,473390151,2516504899441874706,
aihsurr4hrk,558946341,6246312343472950410,
fjmzug6xvs9,594482119,-1320933440749696788,
Fil69,314380987,8523825307509315827,
Bappy30,593362074,-6289557718156606568,
FiyoxegoVuyo,496296501,-8293776273840718808,
ETERBASE_1,489640599,5813846390102766897,
Feeliks2,575699882,5405399075239759994,
forefoot,483071818,-6256327212754925422,
esjglayquk5,524250806,6411309792321953018,
ferdiy54976886,538466379,-6266484102843298194,
Dima_Fill,529297282,1000936500974320527,
Frost_b,582656333,1537314819814185878,
fehu7,507472354,-1157527496951006370,
fajar1110,585920627,-1866870255231204935,
fts2201,564764330,-4248404570516174732,
Aldrin123,526941574,-8542203768176465272,
ANDMGD,503987826,-6470197239070815626,
Frireman,491971420,-4007405783102149151,
FedorovaAn,567917653,3756587653757904217,
,431647825,-1620105994063902589,
Felomir,529224361,-3413051695269124357,
manuelaforte,504381314,764351038925791194,
sylivflo,548928419,7384331929315303329,
fierte,421152864,4374034234357537051,
AustinFoster,566145527,552971807452879803,
azmainfiqe,344338675,8938359507102479002,
Frankdae214,545249643,5535887006858954952,
Endpoet,1002046420,2382979770861260047,
,1093531490,-2365683003405675147,
ErahulX,560613354,5803694631575969899,
bngenterprises,539944509,7858868051913708454,
enthontp,413540318,-5894375281434694216,
Adebayoee,365039656,-8998920501221247320,
enisaytekin,594603814,-5953167831060831740,
bemoneo,386872156,-1669724107317103161,
EllinaAltira,464063619,302565580401648189,
EfremovArt,469681918,-8732769569162333014,
ex1000ch,447498358,-7899816026714510482,
EkkiSyaputra,589543194,2163113686017023154,
,584199483,-4232821278559450500,
Evge4a,409254803,-4405907561122485347,
David_Erevan,478335021,2813301943434139977,
Emmarni,216670553,-2402973757154637330,
ennaaamm,21475398,-2797548953805032008,
Mateus68,519526229,-183408025623430669,
Evelyn0505,590002894,7886478232757426750,
Egi1217,168381797,-9022377985381898607,
EioAtkinsonMaveri,503861056,-1178885141936175398,
devanconner,509314261,895278506631946683,
Effico,523704033,-3224257477582246613,
engine8049,483370496,2811688460705218027,
EslamAtef,195641157,-2726636759017025293,
blackkeagle,563911838,1874610195636312979,
diyan708,1000179817,-2621312380145381624,
A_dmin21,1054412751,8447056092679620763,
DaryaAnna,934614930,-3838827797825510996,
,977695482,-7897355625449902007,
deantheman,751286995,-5163169892758729810,
Dr_Blue,526214745,-6041150443632917407,
djaberbenamar,517365420,8393976458521404705,
dadofaca,500401409,-2418783690557186599,
dimych_d,595375215,-2155224659873331656,
DonAdamo,560751984,3244406001103130850,
Dada2304,493405082,-2114130404534787178,
Droidsurfs,498289578,-6313858199177313602,
Dwise1comedy,479862685,-3061090264341293938,
davyblanken,470879790,-5979466772025044754,
bz0i0ysf,491812917,2777823864119096466,
DaxofiwaRivu,517521528,-9030776334317686247,
doggy,15765953,3348543617650358411,
dung59005437,528974432,2294373510605111709,
dasha32214,484815478,3583623744803681806,
Darkcastera,518216611,-8328259215942308659,
dragon11799,514814174,-1344502279583933385,
dlsatoshilb,518588351,5672887102311829195,
DonaldAgnes,554205114,7381871192146111073,
datvo851,523728007,-7796291036639728023,
damxd1,548938331,-3974690460242709062,
dfhfdhfsdsjh,496170426,-6889045658650273439,
Deery28,567161314,-973884653736320160,
Daffadile,481475623,-2861380042512189067,
Darek999,505112606,5317441114883401074,
dukepark433,456162577,7834057598244822406,
doantran69262,571072719,-781591752557678668,
DLBMWCripta,470156945,8480908681211761878,
ChandraDarmawan29,486308104,576550153497997345,
DelvirSPb,506378816,-387185088722631019,
darkownage,500043343,-1671415001705384018,
dasdsad,397517767,-7195934046440092744,
deadpool02264,529310586,-1395157126709225067,
darmawansumarno,485475414,-154563953645374825,
Dely23500,562810118,-2001675369204809701,
Dikok,346080259,7513433285487507670,
dong477,458254698,6905969369101702204,
devyatkovs999,497520807,-6787368857049483568,
DbmoviesU,552841907,7542127882778231556,
DedSMOrc,527092084,7299071644003582608,
archhhiii,531169599,-14331935472963541,
cross_dr,384016761,1672229875508146173,
dytephan,429061828,5838644436702429712,
DevanConnerss,549998302,-2607643121013878578,
DirioCandeias,501185225,1474874600234392641,
deedev100,508449606,-7563171424215523387,
Dearlhunters,457150807,-2268942975020344277,
din1421,339922089,-2402767888086666093,
Dilnaza1992,469805653,5987277052703744476,
dakocani,535207434,1668857403333018255,
dkdogg,505227258,-5724182789334923991,
mayner1,456112677,-2090557366834410095,
DCOA1,507470693,1276823957739963451,
Acero38,393234863,8328258717211999450,
DWorks8,228565311,5053251068587179485,
thakisurd,521089234,8858836449626420724,
ARK12345678,909869733,-4179636325868760438,
,1059301070,7852307615836784211,
airdropcaptain20,843642077,3833771534660740296,
chibi0908,598309124,7058479092268466877,
Buonn,625211651,-3966536195414895758,
CaptainAirdrop10,926483464,-1416177016485864949,
cangcang1,602563611,8066029895411799457,
cryptozeean,535142690,5380510510183219384,
chichane,764503730,62344311104027698,
coen2,671944183,-6121722814680865373,
abcyy6,557913934,1438338576265557781,
cryptohito,499609787,92459055591091884,
clemensbodner,351686069,-344626560632498361,
Cuccusettete,153498975,-5588861233872957298,
clavak1,566597447,6642129156704820356,
Chetainya,484323694,-2588771786071166110,
blackseaman03,383595536,-923640243798359209,
chainlabs,168780370,-7050851041739527662,
Crypton76,501435493,5244564374285428984,
cacamonsking198,539916115,9018363658130868837,
cryptogirlz,462421675,1508351817133023457,
Cyptrobee,504454379,-1565657124842348617,
Caasitele,439515104,-793710335517374863,
boens1986,538525496,-7645391605470968645,
Covjj,458212121,-5774312875941430401,
costa75,511400003,6915261945908338548,
CassieCaramel1,461967594,-6140834303112852678,
cnetr,544744760,-3574187518533857277,
Sergo1st,383472264,7212238470124826896,
ConteAbdoul2,521858068,4903778469968354142,
CryptooAnt,455653369,1194448550356655088,
chizuesakata0604,568801435,-7456820870888519860,
CryptoCoinBag,467688042,432139367222426683,
chocho18,450645805,6315188692924263293,
AsaConnors,541795676,6208609692238864556,
chuongmyhoalong,505783177,4513167076806290920,
BioCameronAd,422336882,-4016276351284971337,
CioMunozTabit,517560949,-2354024379030234049,
AlvinChase,420529958,9208726286380064277,
biquette,491306854,8547137695882446882,
Arieltnut,293490789,-8478856801546624210,
cixboy,491506679,-6085739776853762459,
chaumo97,564228896,-673852685307268377,
moretatiana,537051961,5040112850592564581,
chengzhanyan,520583194,3189362232362573941,
chrisgirls,584326750,-6209135897891100936,
sabryweb,97049155,7118701586487033568,
,1311197481,1905114687987852054,
BryanBurke,1148053668,8113361152484123283,
,1130842380,-5320790686225876527,
Boss2410,471684691,-8305919414473785896,
Bayangawan,410150212,-1696121685722747418,
belyaspb,254585137,-5690817060107619723,
BNichols777,533920417,-8949392452770392549,
blackdog5757,330027992,-1990670617964775516,
alexxbesz,543051338,6936077591804468582,
beton23,503429429,-7025568375929222745,
avlbitcoin90,507155689,8789047594407702265,
bzgv9whxs3h,458749273,-3679695264245186293,
ahmedbadwelan,336001059,-7267148382458946009,
Babouske,504733503,-7542359866430588301,
AceCraige,575760814,-5508311164753403719,
abdobetcoin,394126823,288926811549087008,
Abc20090909,477588286,1614750662521320698,
AnreiBatyt,546958176,3970466065460934456,
bdf0685,383511448,-8386602332009252295,
bwvpoq59hx8,507209615,2815382716846386541,
BennettWodehous,557564505,4514681411639446444,
behnam39999,470439312,-5422912267083013006,
Abasdarhon,380702690,-1452775369347532437,
BorisJonah,495551916,8208050664890722764,
Bill1987,382143104,-5643127186661883482,
Bernard1977,499340590,-7028260198006759372,
Bithunter,474050245,1732598056146003986,
bitkoinov,554075028,5154213728255900219,
babytutu,472570674,-7407869289136552109,
silverbulle,202223640,-7654868382669569448,
Ahmad_bello,478080966,2055881404609707952,
Bubblejemz,460776879,-5598378003131468921,
Benattia,510959878,-6206785112353769992,
boskobuha1939,486289078,7107329929904574916,
best1S1,589714399,7917613192190775216,
bourhanb4,467475692,3616954581966148284,
bless3030,289241653,2887201779738116187,
bitdhan,451085015,-3534985188634241449,
,462955005,-6792080491531185578,
bag0si,263973455,762610672726683186,
BasSchumacher,409946418,3778810150272556191,
benjineer,470659384,-3841535578907337173,
Bucketheadlan,479382071,594655945633265365,
bkitdfvye6200,460557478,5655854645544356911,
Max_Bear,398832304,3000048116906213775,
AshleyBrink,550958180,5503392892519515028,
antonbergov,382403400,1274027846603705629,
Bgtsystems,565222183,-3818599331134332893,
,1017643494,4189251869546002125,
,1319425791,1389225692036359912,
aaliyahcolnel,1265524895,7189820161727736899,
Amirnorazman,393755813,-5891789763184210768,
,1060858911,4047616349524131939,
ashes0ashes,887202036,-1195533686067579137,
AirdropAsistant,383112270,2420819053810251705,
andrew879,809268035,-9026046543235734072,
ademairdrops,672866621,3885806090325347547,
alnsia0258,596419193,1831745282580541671,
Asfan1986,251302247,-2853704515521968579,
ArcMax,578708913,-5102807862820365946,
akmalmg20,551011116,5864543837786256549,
Amazinghaastrup,254595656,2176158330677724556,
ABC66666,513199327,7601114393782166394,
,414355057,566316738529131901,
adwaafiah,550687911,2303164876019383613,
,538535422,1830493015042054831,
Anmifed,439118299,1241846329351074943,
Alejand19017066,576026890,1047801803812536346,
abdouabdelilah,310687959,1598402489605166526,
a434952006,458188093,7195938026536856180,
aohqu2xx6nm,517106064,-6364265557869903033,
ArnumG,578969273,-5429854310222804736,
AmandaP94055889,487136474,-3437245870605160753,
albertomcruz88,520067689,-2381277324426280796,
aleksandr77981,559964070,4116670534940449757,
alief801,451020124,-6007757139023157632,
Andr46,529791254,-2324273676827599434,
Ariiiin,542096477,7129225360449465985,
aziz507aziel,273489968,7601255376352061630,
andrepavel,498069988,-838670174254641069,
Akoewae,267509401,-9135771302421647493,
a13307790006,576405494,8824590948218594436,
alexbuksh,418315670,-4763377989803600383,
Alex02889,440338276,-5141963853994944274,
ab18850222,436948650,3391444952952833833,
songthuong,577917555,-4773795254947583030,
Taras247,578507289,1601237678423499647,
motoi360,517106790,389456515463970799,
tisca44,520250195,80473930015091431,
StasianY,481829866,-663358608054833219,
,451656302,-3929258160786604921,
,563383868,7119339513318915673,
akmstudent2,550073381,-8292439540973165281,
sweetbussiness,520477153,2865371141169589254,
ArineSamuel,504755736,-8699900555065988754,
sahebvai,445139438,2611057472830373701,
shiba44,437735977,2567792696756524663,
Satimai86,456987813,5790222007207446415,
Sanny100,550735530,6094606709611922047,
shenhua,457086872,-7407443689973726303,
sadoonic,256505981,-8557486002942433127,
Sadiksade,281269130,8132237033061250826,
slypers_mn,364654841,-4167019707879776332,
asobicp,405545920,6833018794424514076,
stas11011975,536040395,-397703378294575522,
sayedur123,544380995,1113222982796544431,
mshahalam01,490408105,3378373244562843011,
SioMcknightNa,461857585,2118017292296637835,
andystephan,537740325,-1373220308834633967,
Sidof1,560958010,3080862662586642818,
slectail,419533234,6826641338702935252,
,470394491,3287954522620169119,
semos08,501602241,-4256213876954054258,
sormaid,456204107,8813543555422988757,
sungsss,508551157,1284651471398783160,
Sunshinesyl,279868018,-8141946951793375638,
mohamedsedik1994,565896418,1365993553464379779,
Shoftice,565309265,7461456260327806616,
SergeyGordin,325931190,-3397814530494410975,
SunMix1,512396862,2916390097025507262,
Suman143,503572420,-7754310599825533035,
sehgal_manas,487905426,4634340478000216702,
szcao,463637074,-4330928165978235751,
Sergei131,500121725,-4641335720464431855,
methylminer,322715875,-4924523403612854610,
mete111,501083970,-3575446946081798313,
milo22a,402849020,-1723723503427888099,
Ali_matoya,397842077,6757263544203668410,
MogiyLev,423515469,540641735685030702,
maincryp,567193108,4513325571798405659,
MaitoMaito,532970738,5985278308230949479,
MAlenasuper,542728492,4344744271953604883,
maianhlove,496742936,-482280386080211887,
MindShadow_0,545221345,-2516396614204116846,
MinhWalker,482826616,-2626488345393429660,
korisa,225805336,-2154008087279626521,
Krypstrong,538067435,-8346024253544530173,
Khafizovalili,423347721,-1101320949955521558,
,498205531,5238209070195599800,
,356819873,8808533358634610483,
alincmb_1984,525760131,-5851727837012772591,
CandyBox_Bot,520281931,-6802384343522724335,
BlackDragon19,464399536,-1704037322395409216,
beasir,407268852,4429509770596610513,
Brishine,502371776,772139783336524102,
ABambini,507576331,4753315707871730094,
Aleksandr1213,530350671,-3369645700574087495,
acdc1221,514279080,8027035229445600793,
Adamantin,498200245,6266682179852584717,
aaq37,456615072,8833410034500041671,
Asiwajuayorinde,339794686,-5519480091738702364,
Alexhomer,485276974,1939760002227159312,
andreynavar,483543365,2001054843863281911,
angol,402649323,3344888435668212562,
AndreyCarton,545072655,-4550538702905670173,
ARTFH149,538174474,-8138192592091176138,
Andrey198207,464065076,-1706473770765454073,
Alicejane,501904833,4926540403261148072,
Atuakfx,254849681,718292721426988012,
